{
  "England/Championship": {
    "Barnsley": "Barnsley",
    "Birmingham": "Birmingham",
    "Birmingham City": "Birmingham",
    "Birmingham City FC": "Birmingham",
    "Blackburn": "Blackburn",
    "Blackburn Rovers": "Blackburn Rovers",
    "Blackburn Rovers FC": "Blackburn Rovers",
    "Blackpool": "Blackpool",
    "Bolton": "Bolton",
    "Bradford": "Bradford",
    "Bristol City": "Bristol City",
    "Bristol City FC": "Bristol City",
    "Burton": "Burton",
    "Cardiff": "Cardiff",
    "Charlton": "Charlton",
    "Charlton Athletic": "Charlton",
    "Charlton Athletic FC": "Charlton",
    "Colchester": "Colchester",
    "Coventry": "Coventry",
    "Coventry City": "Coventry",
    "Coventry City FC": "Coventry",
    "Crewe": "Crewe",
    "Derby": "Derby",
    "Derby County": "Derby County",
    "Derby County FC": "Derby County",
    "Doncaster": "Doncaster",
    "Gillingham": "Gillingham",
    "Grimsby": "Grimsby",
    "Huddersfield": "Huddersfield",
    "Hull": "Hull",
    "Hull City": "Hull",
    "Hull City AFC": "Hull",
    "Ipswich": "Ipswich",
    "Ipswich Town": "Ipswich",
    "Ipswich Town FC": "Ipswich",
    "Leicester": "Leicester",
    "Leicester City": "Leicester",
    "Leicester City FC": "Leicester",
    "Luton": "Luton",
    "Middlesbrough": "Middlesbrough",
    "Middlesbrough FC": "Middlesbrough",
    "Millwall": "Millwall",
    "Millwall FC": "Millwall",
    "Milton Keynes Dons": "MK Dons",
    "Norwich": "Norwich",
    "Norwich City": "Norwich",
    "Norwich City FC": "Norwich",
    "Oxford": "Oxford",
    "Oxford United": "Oxford United",
    "Oxford United FC": "Oxford United",
    "Peterboro": "Peterboro",
    "Plymouth": "Plymouth",
    "Portsmouth": "Portsmouth",
    "Portsmouth FC": "Portsmouth",
    "Preston": "Preston",
    "Preston North End": "Preston",
    "Preston North End FC": "Preston",
    "QPR": "QPR",
    "Queens Park Rangers": "QPR",
    "Queens Park Rangers FC": "QPR",
    "Reading": "Reading",
    "Rotherham": "Rotherham",
    "Scunthorpe": "Scunthorpe",
    "Sheffield United": "Sheffield United",
    "Sheffield United FC": "Sheffield United",
    "Sheffield Wednesday": "Sheffield Weds",
    "Sheffield Wednesday FC": "Sheffield Weds",
    "Sheffield Weds": "Sheffield Weds",
    "Southampton": "Southampton",
    "Southampton FC": "Southampton",
    "Southend": "Southend",
    "Stoke": "Stoke",
    "Stoke City": "Stoke",
    "Stoke City FC": "Stoke",
    "Swansea": "Swansea",
    "Swansea City": "Swansea",
    "Swansea City AFC": "Swansea",
    "Walsall": "Walsall",
    "Watford": "Watford",
    "Watford FC": "Watford",
    "West Brom": "West Brom",
    "West Bromwich Albion": "West Brom",
    "West Bromwich Albion FC": "West Brom",
    "Wigan": "Wigan",
    "Wimbledon": "Wimbledon",
    "Wrexham": "Wrexham",
    "Wrexham AFC": "Wrexham",
    "Wycombe": "Wycombe",
    "Yeovil": "Yeovil"
  },
  "England/Premier League": {
    "AFC Bournemouth": "Bournemouth",
    "Arsenal": "Arsenal",
    "Arsenal FC": "Arsenal",
    "Aston Villa": "Aston Villa",
    "Bournemouth": "Bournemouth",
    "Brentford": "Brentford",
    "Brighton": "Brighton",
    "Brighton & Hove Albion": "Brighton",
    "Brighton & Hove Albion FC": "Brighton",
    "Brighton Hove": "Brighton",
    "Burnley": "Burnley",
    "Chelsea": "Chelsea",
    "Crystal Palace": "Crystal Palace",
    "Crystal Palace FC": "Crystal Palace",
    "Everton": "Everton",
    "Everton FC": "Everton",
    "Fulham": "Fulham",
    "Fulham FC": "Fulham",
    "Leeds": "Leeds",
    "Leeds United": "leeds",
    "Liverpool": "Liverpool",
    "Liverpool FC": "Liverpool",
    "Man City": "Man City",
    "Man United": "Man United",
    "Manchester City": "Manchester City",
    "Manchester City FC": "Manchester City",
    "Manchester United": "Manchester United",
    "Manchester United FC": "Manchester United",
    "Newcastle": "Newcastle",
    "Newcastle United": "Newcastle United",
    "Newcastle United FC": "Newcastle United",
    "Nott'm Forest": "Nott'm Forest",
    "Nottingham Forest": "Nottingham Forest",
    "Nottingham Forest FC": "Nottingham Forest",
    "Sunderland": "Sunderland",
    "Sunderland AFC": "Sunderland",
    "Tottenham": "Tottenham",
    "Tottenham Hotspur": "Tottenham Hotspur",
    "Tottenham Hotspur FC": "Tottenham Hotspur",
    "West Ham": "West Ham",
    "West Ham United": "West Ham",
    "Wolverhampton Wanderers": "Wolverhampton Wanderers",
    "Wolverhampton Wanderers FC": "Wolverhampton Wanderers",
    "Wolves": "Wolves"
  },
  "France/Ligue 1": {
    "AJ Auxerre": "Auxerre",
    "Angers": "Angers",
    "Angers SCO": "Angers",
    "Arles": "Arles",
    "AS Monaco": "Monaco",
    "AS Monaco FC": "Monaco",
    "Brest": "Brest",
    "Evian Thonon Gaillard": "Evian Thonon Gaillard",
    "FC Lorient": "Lorient",
    "FC Metz": "Metz",
    "FC Nantes": "Nantes",
    "Le Havre AC": "Le Havre",
    "Lens": "Lens",
    "Lille": "Lille",
    "Lille OSC": "Lille",
    "Lorient": "Lorient",
    "Lyon": "Lyon",
    "Marseille": "Marseille",
    "Metz": "Metz",
    "Monaco": "Monaco",
    "Nantes": "Nantes",
    "Nice": "Nice",
    "OGC Nice": "Nice",
    "Olympique de Marseille": "Olympique de Marseille",
    "Olympique Lyonnais": "Lyon",
    "Paris": "Paris FC",
    "Paris FC": "Paris FC",
    "Paris Saint-Germain": "Paris SG",
    "Paris Saint-Germain FC": "Paris SG",
    "Paris SG": "Paris SG",
    "Racing Club de Lens": "Lens",
    "RC Strasbourg Alsace": "Strasbourg",
    "Rennes": "Rennes",
    "Sedan": "Sedan",
    "Stade Brestois 29": "Stade Brestois 29",
    "Stade Rennais": "Rennes",
    "Stade Rennais FC 1901": "Rennes",
    "Strasbourg": "Strasbourg",
    "Toulouse": "Toulouse",
    "Toulouse FC": "Toulouse"
  },
  "France/Ligue 2": {
    "Ajaccio": "Ajaccio",
    "Ajaccio GFCO": "Ajaccio GFCO",
    "Amiens": "Amiens",
    "Angers": "Angers",
    "Annecy": "Annecy",
    "Auxerre": "Auxerre",
    "Bastia": "Bastia",
    "Beziers": "Beziers",
    "Bordeaux": "Bordeaux",
    "Boulogne": "Boulogne",
    "Bourg Peronnas": "Bourg Peronnas",
    "Brest": "Brest",
    "Caen": "Caen",
    "Chambly": "Chambly",
    "Chateauroux": "Chateauroux",
    "Clermont": "Clermont",
    "Concarneau": "Concarneau",
    "Dijon": "Dijon",
    "Dunkerque": "Dunkerque",
    "Grenoble": "Grenoble",
    "Guingamp": "Guingamp",
    "Laval": "Laval",
    "Le Havre": "Le Havre",
    "Le Mans": "Le Mans",
    "Lens": "Lens",
    "Lorient": "Lorient",
    "Martigues": "Martigues",
    "Metz": "Metz",
    "Montpellier": "Montpellier",
    "Nancy": "Nancy",
    "Nimes": "Nimes",
    "Niort": "Niort",
    "Orleans": "Orleans",
    "Paris FC": "Paris FC",
    "Pau FC": "Pau FC",
    "Quevilly Rouen": "Quevilly Rouen",
    "Red Star": "Red Star",
    "Reims": "Reims",
    "Rodez": "Rodez",
    "Sochaux": "Sochaux",
    "St Etienne": "St Etienne",
    "Toulouse": "Toulouse",
    "Tours": "Tours",
    "Troyes": "Troyes",
    "Valenciennes": "Valenciennes"
  },
  "Germany/Bundesliga": {
    "1. FC Heidenheim 1846": "Heidenheim",
    "1. FC Köln": "1. FC Köln",
    "1. FC Union Berlin": "Union Berlin",
    "1. FSV Mainz 05": "1. FSV Mainz 05",
    "Aachen": "Aachen",
    "Bayer 04 Leverkusen": "Bayer 04 Leverkusen",
    "Bayer Leverkusen": "Leverkusen",
    "Bayern Munich": "Bayern Munich",
    "borussia Dortmund": "borussia Dortmund",
    "Borussia Dortmund": "borussia Dortmund",
    "Borussia Mönchengladbach": "M'gladbach",
    "Cottbus": "Cottbus",
    "Dortmund": "Dortmund",
    "Ein Frankfurt": "Ein Frankfurt",
    "Eintracht Frankfurt": "Ein Frankfurt",
    "FC Augsburg": "Augsburg",
    "FC Bayern München": "FC Bayern München",
    "FC Cologne": "FC Koln",
    "FC Koln": "FC Koln",
    "FC St. Pauli 1910": "St Pauli",
    "Freiburg": "Freiburg",
    "Hamburger SV": "Hamburger SV",
    "Heidenheim": "Heidenheim",
    "Hoffenheim": "Hoffenheim",
    "Leverkusen": "Leverkusen",
    "M'gladbach": "M'gladbach",
    "Mainz": "Mainz",
    "RB Leipzig": "RB Leipzig",
    "SC Freiburg": "Freiburg",
    "St. Pauli": "St Pauli",
    "Stuttgart": "Stuttgart",
    "SV Werder Bremen": "Werder Bremen",
    "TSG 1899 Hoffenheim": "TSG 1899 Hoffenheim",
    "TSG Hoffenheim": "Hoffenheim",
    "VfB Stuttgart": "Stuttgart",
    "VFL Wolfsburg": "VFL Wolfsburg",
    "VfL Wolfsburg": "VFL Wolfsburg",
    "Werder Bremen": "Werder Bremen",
    "Wolfsburg": "Wolfsburg"
  },
  "Germany/Bundesliga 2": {
    "Augsburg": "Augsburg",
    "Bielefeld": "Bielefeld",
    "Bochum": "Bochum",
    "Braunschweig": "Braunschweig",
    "Burghausen": "Burghausen",
    "CZ Jena": "CZ Jena",
    "Darmstadt": "Darmstadt",
    "Dresden": "Dresden",
    "Duisburg": "Duisburg",
    "Elversberg": "Elversberg",
    "Erzgebirge Aue": "Erzgebirge Aue",
    "Essen": "Essen",
    "FC Koln": "FC Koln",
    "Fortuna Dusseldorf": "Fortuna Dusseldorf",
    "Freiburg": "Freiburg",
    "Greuther Furth": "Greuther Furth",
    "Hamburg": "Hamburg",
    "Hannover": "Hannover",
    "Hansa Rostock": "Hansa Rostock",
    "Heidenheim": "Heidenheim",
    "Hertha": "Hertha",
    "Holstein Kiel": "Holstein Kiel",
    "Ingolstadt": "Ingolstadt",
    "Kaiserslautern": "Kaiserslautern",
    "Karlsruhe": "Karlsruhe",
    "Koblenz": "Koblenz",
    "Magdeburg": "Magdeburg",
    "Munich 1860": "Munich 1860",
    "Nurnberg": "Nurnberg",
    "Offenbach": "Offenbach",
    "Osnabruck": "Osnabruck",
    "Paderborn": "Paderborn",
    "Preußen Münster": "Preußen Münster",
    "Regensburg": "Regensburg",
    "Sandhausen": "Sandhausen",
    "Schalke 04": "Schalke 04",
    "St Pauli": "St Pauli",
    "Stuttgart": "Stuttgart",
    "Ulm": "Ulm",
    "Union Berlin": "Union Berlin",
    "Unterhaching": "Unterhaching",
    "Wehen": "Wehen",
    "Werder Bremen": "Werder Bremen",
    "Wurzburger Kickers": "Wurzburger Kickers"
  },
  "Italy/Serie A": {
    "AC Milan": "Milan",
    "AC Pisa 1909": "AC Pisa 1909",
    "ACF Fiorentina": "Fiorentina",
    "AS Roma": "Roma",
    "Atalanta": "Atalanta",
    "Atalanta BC": "Atalanta BC",
    "Bologna": "Bologna",
    "Bologna FC 1909": "Bologna",
    "Cagliari": "Cagliari",
    "Cagliari Calcio": "Cagliari",
    "Catania": "Catania",
    "Como": "Como",
    "Como 1907": "Como",
    "Cremonese": "Cremonese",
    "Fiorentina": "Fiorentina",
    "Genoa": "Genoa",
    "Genoa CFC": "Genoa",
    "Inter": "Inter",
    "Internazionale": "Inter",
    "Juventus": "Juventus",
    "Lazio": "Lazio",
    "Lecce": "Lecce",
    "Messina": "Messina",
    "Milan": "Milan",
    "Napoli": "Napoli",
    "Parma": "Parma",
    "Parma Calcio 1913": "Parma",
    "Pisa": "Pisa",
    "Roma": "Roma",
    "Sassuolo": "Sassuolo",
    "Siena": "Siena",
    "SS Lazio": "Lazio",
    "SSC Napoli": "Napoli",
    "Torino": "Torino",
    "Torino FC": "Torino",
    "Treviso": "Treviso",
    "Udinese": "Udinese",
    "Udinese Calcio": "Udinese",
    "US Cremonese": "Cremonese",
    "Verona": "Verona"
  },
  "Italy/Serie B": {
    "Alessandria": "Alessandria",
    "Ascoli": "Ascoli",
    "Avellino": "Avellino",
    "Bari": "Bari",
    "Benevento": "Benevento",
    "Brescia": "Brescia",
    "Carpi": "Carpi",
    "Carrarese": "Carrarese",
    "Catanzaro": "Catanzaro",
    "Cesena": "Cesena",
    "Chievo": "Chievo",
    "Cittadella": "Cittadella",
    "Cosenza": "Cosenza",
    "Crotone": "Crotone",
    "Empoli": "Empoli",
    "FeralpiSalo": "FeralpiSalo",
    "Foggia": "Foggia",
    "Frosinone": "Frosinone",
    "Juve Stabia": "Juve Stabia",
    "Lecco": "Lecco",
    "Livorno": "Livorno",
    "Mantova": "Mantova",
    "Modena": "Modena",
    "Monza": "Monza",
    "Novara": "Novara",
    "Padova": "Padova",
    "Palermo": "Palermo",
    "Perugia": "Perugia",
    "Pescara": "Pescara",
    "Pordenone": "Pordenone",
    "Pro Vercelli": "Pro Vercelli",
    "Reggiana": "Reggiana",
    "Reggina": "Reggina",
    "Salernitana": "Salernitana",
    "Sampdoria": "Sampdoria",
    "Spal": "Spal",
    "Spezia": "Spezia",
    "Sudtirol": "Sudtirol",
    "Ternana": "Ternana",
    "Trapani": "Trapani",
    "Venezia": "Venezia",
    "Vicenza": "Vicenza",
    "Virtus Entella": "Virtus Entella"
  },
  "Portugal/Liga Portugal": {
    "Alverca": "Alverca",
    "Arouca": "Arouca",
    "Aves": "Aves",
    "AVS": "AVS",
    "Belenenses": "Belenenses",
    "Benfica": "Benfica",
    "Boavista": "Boavista",
    "Braga": "Sp Braga",
    "C.D. Nacional": "CD Nacional",
    "Casa Pia": "Casa Pia",
    "Casa Pia AC": "Casa Pia",
    "CD Nacional": "CD Nacional",
    "Chaves": "Chaves",
    "Estoril": "Estoril",
    "Estrela": "Estrela",
    "Famalicao": "Famalicao",
    "Farense": "Farense",
    "FC Famalicao": "Famalicao",
    "FC Famalicão": "Famalicao",
    "FC Porto": "Porto",
    "Feirense": "Feirense",
    "GD Estoril Praia": "Estoril",
    "Gil Vicente": "Gil Vicente",
    "Gil Vicente FC": "Gil Vicente",
    "Guimaraes": "Guimaraes",
    "Maritimo": "Maritimo",
    "Moreirense": "Moreirense",
    "Nacional": "Nacional",
    "Pacos Ferreira": "Pacos Ferreira",
    "Portimonense": "Portimonense",
    "Porto": "Porto",
    "Rio Ave": "Rio Ave",
    "Rio Ave FC": "Rio Ave",
    "Santa Clara": "Santa Clara",
    "Setubal": "Setubal",
    "Sp Braga": "Sp Braga",
    "Sp Lisbon": "Sp Lisbon",
    "Sporting Clube de Braga": "Sp Braga",
    "Sporting CP": "Sp Lisbon",
    "Tondela": "Tondela",
    "Vit?ria de Guimaraes": "Guimaraes",
    "Vitoria de Guimaraes": "Vitoria de Guimaraes",
    "Vitória de Guimaraes": "Vitoria de Guimaraes",
    "Vitória Guimarães": "Vitória SC",
    "Vitória SC": "Vitória SC",
    "Vizela": "Vizela"
  },
  "Spain/La Liga": {
    "Alavés": "Alaves",
    "Ath Bilbao": "Ath Bilbao",
    "Ath Madrid": "Ath Madrid",
    "Atlético Madrid": "Ath Madrid",
    "Barcelona": "Barcelona",
    "Betis": "Betis",
    "Celta": "Celta",
    "Celta Vigo": "Celta",
    "Club Atlético de Madrid": "Ath Madrid",
    "Deportivo Alavés": "Alaves",
    "Espanyol": "Espanol",
    "FC Barcelona": "Barcelona",
    "Getafe": "Getafe",
    "Getafe CF": "Getafe",
    "Girona": "Girona",
    "Girona FC": "Girona",
    "Hercules": "Hercules",
    "levante": "levante",
    "Levante": "levante",
    "Levante UD": "Levante",
    "Mallorca": "Mallorca",
    "Murcia": "Murcia",
    "Osasuna": "Osasuna",
    "Rayo Vallecano": "Vallecano",
    "RC Celta de Vigo": "Celta",
    "RCD Espanyol de Barcelona": "Espanol",
    "RCD Mallorca": "Mallorca",
    "Real Betis": "Betis",
    "Real Madrid": "Real Madrid",
    "Real Oviedo": "Oviedo",
    "Real Sociedad": "Sociedad",
    "Recreativo": "Recreativo",
    "Sevilla": "Sevilla",
    "Sevilla FC": "Sevilla",
    "Sociedad": "Sociedad",
    "Valencia": "Valencia",
    "Valencia CF": "Valencia",
    "Villarreal": "Villarreal",
    "Villarreal CF": "Villarreal",
    "Xerez": "Xerez"
  },
  "Spain/La Liga 2": {
    "Alaves": "Alaves",
    "Albacete": "Albacete",
    "Alcorcon": "Alcorcon",
    "Almeria": "Almeria",
    "Amorebieta": "Amorebieta",
    "Andorra": "Andorra",
    "Barcelona B": "Barcelona B",
    "Burgos": "Burgos",
    "Cadiz": "Cadiz",
    "Cartagena": "Cartagena",
    "Castellon": "Castellon",
    "Ceuta": "Ceuta",
    "Cordoba": "Cordoba",
    "Cultural Leonesa": "Cultural Leonesa",
    "Eibar": "Eibar",
    "Elche": "Elche",
    "Eldense": "Eldense",
    "Espanol": "Espanol",
    "Extremadura UD": "Extremadura UD",
    "Ferrol": "Ferrol",
    "Fuenlabrada": "Fuenlabrada",
    "Gimnastic": "Gimnastic",
    "Girona": "Girona",
    "Granada": "Granada",
    "Huesca": "Huesca",
    "Ibiza": "Ibiza",
    "La Coruna": "La Coruna",
    "Las Palmas": "Las Palmas",
    "Leganes": "Leganes",
    "Leonesa": "Leonesa",
    "Levante": "Levante",
    "Logrones": "Logrones",
    "Lorca": "Lorca",
    "Lugo": "Lugo",
    "Malaga": "Malaga",
    "Mallorca": "Mallorca",
    "Mirandes": "Mirandes",
    "Numancia": "Numancia",
    "Osasuna": "Osasuna",
    "Oviedo": "Oviedo",
    "Ponferradina": "Ponferradina",
    "Rayo Majadahonda": "Rayo Majadahonda",
    "Reus Deportiu": "Reus Deportiu",
    "Sabadell": "Sabadell",
    "Santander": "Santander",
    "Sevilla B": "Sevilla B",
    "Sociedad B": "Sociedad B",
    "Sp Gijon": "Sp Gijon",
    "Tenerife": "Tenerife",
    "Valladolid": "Valladolid",
    "Vallecano": "Vallecano",
    "Villarreal B": "Villarreal B",
    "Zaragoza": "Zaragoza"
  },
  "United States/MLS": {
    "Atlanta United FC": "Atlanta Utd",
    "Atlanta Utd": "Atlanta Utd",
    "Austin FC": "Austin FC",
    "CF Montreal": "CF Montreal",
    "CF Montréal": "CF Montreal",
    "Charlotte": "Charlotte",
    "Charlotte FC": "Charlotte",
    "Chicago Fire": "Chicago Fire",
    "Chicago Fire FC": "Chicago Fire",
    "Chivas USA": "Chivas USA",
    "Colorado Rapids": "Colorado Rapids",
    "Columbus Crew": "Columbus Crew",
    "D.C. United": "DC United",
    "DC United": "DC United",
    "FC Cincinnati": "FC Cincinnati",
    "FC Dallas": "FC Dallas",
    "Houston Dynamo": "Houston Dynamo",
    "Houston Dynamo FC": "Houston Dynamo",
    "Inter Miami": "Inter Miami",
    "Inter Miami CF": "Inter Miami",
    "LA Galaxy": "LA Galaxy",
    "LAFC": "Los Angeles FC",
    "Los Angeles FC": "Los Angeles FC",
    "Los Angeles Galaxy": "Los Angeles Galaxy",
    "Minnesota United": "Minnesota United",
    "Minnesota United FC": "Minnesota United",
    "Nashville SC": "Nashville SC",
    "New England Revolution": "New England Revolution",
    "New York City": "New York City",
    "New York City FC": "New York City",
    "New York Red Bulls": "New York Red Bulls",
    "Orlando City": "Orlando City",
    "Orlando City SC": "Orlando City",
    "Philadelphia Union": "Philadelphia Union",
    "Portland Timbers": "Portland Timbers",
    "Real Salt Lake": "Real Salt Lake",
    "San Diego FC": "San Diego FC",
    "San Jose Earthquakes": "San Jose Earthquakes",
    "Seattle Sounders": "Seattle Sounders",
    "Seattle Sounders FC": "Seattle Sounders",
    "Sporting Kansas City": "Sporting Kansas City",
    "St. Louis City": "St. Louis City",
    "St. Louis CITY SC": "St. Louis City",
    "Toronto FC": "Toronto FC",
    "Vancouver Whitecaps": "Vancouver Whitecaps"
  }
}